Time stamp,Value ,Building Total Consumption (Cooling + Electrical),,Note: Insert null data at the start of every FY - 31 March 11:59:00
"Monday, 1 April 2019",1620711.64,MD6 Total All Building Consumption Report,,Apr-19
"Wednesday, 1 May 2019",1709496.412,MD6 Total All Building Consumption Report,,May-19
"Saturday, 1 June 2019",1623192.704,MD6 Total All Building Consumption Report,,Jun-19
"Monday, 1 July 2019",1648553.812,MD6 Total All Building Consumption Report,,Jul-19
"Thursday, 1 August 2019",1634559.852,MD6 Total All Building Consumption Report,,Aug-19
"Sunday, 1 September 2019",1558002.868,MD6 Total All Building Consumption Report,,Sept-19
"Tuesday, 1 October 2019",1583759.168,MD6 Total All Building Consumption Report,,Oct-19
"Friday, 1 November 2019",1504990.972,MD6 Total All Building Consumption Report,,Nov-19
"Sunday, 1 December 2019",1475681.16,MD6 Total All Building Consumption Report,,Dec-19
"Wednesday, 1 January 2020",1499786.972,MD6 Total All Building Consumption Report,,Jan-20
"Saturday, 1 February 2020",1418760.436,MD6 Total All Building Consumption Report,,Feb-20
"Sunday, 1 March 2020",1570987.276,MD6 Total All Building Consumption Report,,Mar-20
"Wednesday, 1 April 2020",1424771.592,MD6 Total All Building Consumption Report,,Apr-20
"Friday, 1 May 2020",1457241.212,MD6 Total All Building Consumption Report,,May-20
"Monday, 1 June 2020",1504564.49,MD6 Total All Building Consumption Report,,Jun-20
"Wednesday, 1 July 2020",1579650.636,MD6 Total All Building Consumption Report,,Jul-20
"Saturday, 1 August 2020",1576518.744,MD6 Total All Building Consumption Report,,Aug-20
"Tuesday, 1 September 2020",1537499.5,MD6 Total All Building Consumption Report,,Sept-20
"Thursday, 1 October 2020",1622951.192,MD6 Total All Building Consumption Report,,Oct-20
"Sunday, 1 November 2020",1551193.188,MD6 Total All Building Consumption Report,,Nov-20
"Tuesday, 1 December 2020",1572711.464,MD6 Total All Building Consumption Report,,Dec-20
"Friday, 1 January 2021",1540898.096,MD6 Total All Building Consumption Report,,Jan-21
"Monday, 1 February 2021",1417168.22,MD6 Total All Building Consumption Report,,Feb-21
"Monday, 1 March 2021",1677124.992,MD6 Total All Building Consumption Report,,Mar-21
"Thursday, 1 April 2021",1558772.088,MD6 Total All Building Consumption Report,,Apr-21
"Saturday, 1 May 2021",1694988.42,MD6 Total All Building Consumption Report,,May-21
"Tuesday, 1 June 2021",1611149.902,MD6 Total All Building Consumption Report,,Jun-21
"Thursday, 1 July 2021",1655057.956,MD6 Total All Building Consumption Report,,Jul-21
"Sunday, 1 August 2021",1543727.78,MD6 Total All Building Consumption Report,,Aug-21
"Wednesday, 1 September 2021",1630484.183,MD6 Total All Building Consumption Report,,Sept-21
"Friday, 1 October 2021",1678049.744,MD6 Total All Building Consumption Report,,Oct-21
"Monday, 1 November 2021",1623098.108,MD6 Total All Building Consumption Report,,Nov-21
"Wednesday, 1 December 2021",1619981.936,MD6 Total All Building Consumption Report,,Dec-21
"Saturday, 1 January 2022",1601764.252,MD6 Total All Building Consumption Report,,Jan-22
"Tuesday, 1 February 2022",1431169.652,MD6 Total All Building Consumption Report,,Feb-22
"Tuesday, 1 March 2022",1661846.28,MD6 Total All Building Consumption Report,,Mar-22
"Friday, 1 April 2022",1623960.224,MD6 Total All Building Consumption Report,,Apr-22
"Sunday, 1 May 2022",1700338.816,MD6 Total All Building Consumption Report,,May-22
"Wednesday, 1 June 2022",1621821.296,MD6 Total All Building Consumption Report,,Jun-22
"Friday, 1 July 2022",1599880.912,MD6 Total All Building Consumption Report,,Jul-22
"Monday, 1 August 2022",1671833.088,MD6 Total All Building Consumption Report,,Aug-22
"Thursday, 1 September 2022",1620944.224,MD6 Total All Building Consumption Report,,Sept-22
"Saturday, 1 October 2022",1648598.784,MD6 Total All Building Consumption Report,,Oct-22
"Tuesday, 1 November 2022",1589200.848,MD6 Total All Building Consumption Report,,Nov-22
"Thursday, 1 December 2022",1565047.344,MD6 Total All Building Consumption Report,,Dec-22
"Sunday, 1 January 2023",1592962.944,MD6 Total All Building Consumption Report,,Jan-23
"Wednesday, 1 February 2023",1491020.144,MD6 Total All Building Consumption Report,,Feb-23
"Wednesday, 1 March 2023",1604686.528,MD6 Total All Building Consumption Report,,Mar-23
"Saturday, 1 April 2023",1574702.806,MD6 Total All Building Consumption Report,,Apr-23
"Monday, 1 May 2023",1632741.584,MD6 Total All Building Consumption Report,,May-23
"Thursday, 1 June 2023",1554453.711,MD6 Total All Building Consumption Report,,Jun-23
"Saturday, 1 July 2023",1474407,MD6 Total All Building Consumption Report,,Jul-23
"Tuesday, 1 August 2023",1448610.72,MD6 Total All Building Consumption Report,,Aug-23
"Friday, 1 September 2023",1363906.816,MD6 Total All Building Consumption Report,,Sept-23
"Sunday, 1 October 2023",1429384.296,MD6 Total All Building Consumption Report,,Oct-23
"Wednesday, 1 November 2023",1397368.824,MD6 Total All Building Consumption Report,,Nov-23
"Friday, 1 December 2023",1294295.352,MD6 Total All Building Consumption Report,,Dec-23
"Monday, 1 January 2024",1435907.512,MD6 Total All Building Consumption Report,,Jan-24
"Thursday, 1 February 2024",1352736.904,MD6 Total All Building Consumption Report,,Feb-24
"Friday, 1 March 2024",1498134.612,MD6 Total All Building Consumption Report,,Mar-24
"Monday, 1 April 2024",1560382.153,MD6 Total All Building Consumption Report,,Apr-24
"Wednesday, 1 May 2024",1568038.856,MD6 Total All Building Consumption Report,,May-24
"Saturday, 1 June 2024",1550002.826,MD6 Total All Building Consumption Report,,Jun-24
"Monday, 1 July 2024",1595124.286,MD6 Total All Building Consumption Report,,Jul-24
"Thursday, 1 August 2024",1506756.572,MD6 Total All Building Consumption Report,,Aug-24
"Sunday, 1 September 2024",1427165.539,MD6 Total All Building Consumption Report,,Sept-24
"Tuesday, 1 October 2024",1414961.484,MD6 Total All Building Consumption Report,,Oct-24
"Friday, 1 November 2024",1384566.662,MD6 Total All Building Consumption Report,,Nov-24
"Sunday, 1 December 2024",1571055.323,MD6 Total All Building Consumption Report,,Dec-24
"Thursday, 1 April 2021",566208,CeLS Total All Building Consumption Report,,Apr-21
"Saturday, 1 May 2021",631760,CeLS Total All Building Consumption Report,,May-21
"Tuesday, 1 June 2021",541931,CeLS Total All Building Consumption Report,,Jun-21
"Thursday, 1 July 2021",569027.55,CeLS Total All Building Consumption Report,,Jul-21
"Sunday, 1 August 2021",550542.67,CeLS Total All Building Consumption Report,,Aug-21
"Wednesday, 1 September 2021",528054.74,CeLS Total All Building Consumption Report,,Sept-21
"Friday, 1 October 2021",584033.59,CeLS Total All Building Consumption Report,,Oct-21
"Monday, 1 November 2021",554210.33,CeLS Total All Building Consumption Report,,Nov-21
"Wednesday, 1 December 2021",508823,CeLS Total All Building Consumption Report,,Dec-21
"Saturday, 1 January 2022",556609.87,CeLS Total All Building Consumption Report,,Jan-22
"Tuesday, 1 February 2022",556609.87,CeLS Total All Building Consumption Report,,Feb-22
"Tuesday, 1 March 2022",556609.87,CeLS Total All Building Consumption Report,,Mar-22
"Friday, 1 April 2022",829985.94,CeLS Total All Building Consumption Report,,Apr-22
"Sunday, 1 May 2022",784967.2,CeLS Total All Building Consumption Report,,May-22
"Wednesday, 1 June 2022",784967.2,CeLS Total All Building Consumption Report,,Jun-22
"Friday, 1 July 2022",784967.2,CeLS Total All Building Consumption Report,,Jul-22
"Monday, 1 August 2022",829985.94,CeLS Total All Building Consumption Report,,Aug-22
"Thursday, 1 September 2022",724598.26,CeLS Total All Building Consumption Report,,Sept-22
"Saturday, 1 October 2022",918824.98,CeLS Total All Building Consumption Report,,Oct-22
"Tuesday, 1 November 2022",785784.52,CeLS Total All Building Consumption Report,,Nov-22
"Thursday, 1 December 2022",784967.2,CeLS Total All Building Consumption Report,,Dec-22
"Sunday, 1 January 2023",794356.46,CeLS Total All Building Consumption Report,,Jan-23
"Wednesday, 1 February 2023",885685.99,CeLS Total All Building Consumption Report,,Feb-23
"Wednesday, 1 March 2023",870665.41,CeLS Total All Building Consumption Report,,Mar-23
"Saturday, 1 April 2023",736160.09,CeLS Total All Building Consumption Report,,Apr-23
"Monday, 1 May 2023",683371.09,CeLS Total All Building Consumption Report,,May-23
"Thursday, 1 June 2023",634370.09,CeLS Total All Building Consumption Report,,Jun-23
"Saturday, 1 July 2023",704409.09,CeLS Total All Building Consumption Report,,Jul-23
"Tuesday, 1 August 2023",786607.09,CeLS Total All Building Consumption Report,,Aug-23
"Friday, 1 September 2023",778647.09,CeLS Total All Building Consumption Report,,Sept-23
"Sunday, 1 October 2023",728779.09,CeLS Total All Building Consumption Report,,Oct-23
"Wednesday, 1 November 2023",773079.09,CeLS Total All Building Consumption Report,,Nov-23
"Friday, 1 December 2023",683705.53,CeLS Total All Building Consumption Report,,Dec-23
"Monday, 1 January 2024",688709.8,CeLS Total All Building Consumption Report,,Jan-24
"Thursday, 1 February 2024",646791.36,CeLS Total All Building Consumption Report,,Feb-24
"Friday, 1 March 2024",678357.17,CeLS Total All Building Consumption Report,,Mar-24
"Monday, 1 April 2024",689234.87,CeLS Total All Building Consumption Report,,Apr-24
"Wednesday, 1 May 2024",709143.2,CeLS Total All Building Consumption Report,,May-24
"Saturday, 1 June 2024",672735.23,CeLS Total All Building Consumption Report,,Jun-24
"Monday, 1 July 2024",701362.29,CeLS Total All Building Consumption Report,,Jul-24
"Thursday, 1 August 2024",681333.28,CeLS Total All Building Consumption Report,,Aug-24
"Sunday, 1 September 2024",668178.26,CeLS Total All Building Consumption Report,,Sept-24
"Tuesday, 1 October 2024",689652.56,CeLS Total All Building Consumption Report,,Oct-24
"Friday, 1 November 2024",604310.28,CeLS Total All Building Consumption Report,,Nov-24
"Sunday, 1 December 2024",624052.05,CeLS Total All Building Consumption Report,,Dec-24
"Thursday, 1 April 2021",697252.18,E3A Total All Building Consumption Report,,Apr-21
"Saturday, 1 May 2021",723738.8,E3A Total All Building Consumption Report,,May-21
"Tuesday, 1 June 2021",683354.58,E3A Total All Building Consumption Report,,Jun-21
"Thursday, 1 July 2021",662869.24,E3A Total All Building Consumption Report,,Jul-21
"Sunday, 1 August 2021",630551.39,E3A Total All Building Consumption Report,,Aug-21
"Wednesday, 1 September 2021",622894.68,E3A Total All Building Consumption Report,,Sept-21
"Friday, 1 October 2021",637232.26,E3A Total All Building Consumption Report,,Oct-21
"Monday, 1 November 2021",605154.26,E3A Total All Building Consumption Report,,Nov-21
"Wednesday, 1 December 2021",520363.82,E3A Total All Building Consumption Report,,Dec-21
"Saturday, 1 January 2022",608397.67,E3A Total All Building Consumption Report,,Jan-22
"Tuesday, 1 February 2022",565983.76,E3A Total All Building Consumption Report,,Feb-22
"Tuesday, 1 March 2022",634239.84,E3A Total All Building Consumption Report,,Mar-22
"Friday, 1 April 2022",764264,E3A Total All Building Consumption Report,,Apr-22
"Sunday, 1 May 2022",828542,E3A Total All Building Consumption Report,,May-22
"Wednesday, 1 June 2022",770102,E3A Total All Building Consumption Report,,Jun-22
"Friday, 1 July 2022",793069,E3A Total All Building Consumption Report,,Jul-22
"Monday, 1 August 2022",764915,E3A Total All Building Consumption Report,,Aug-22
"Thursday, 1 September 2022",747370,E3A Total All Building Consumption Report,,Sept-22
"Saturday, 1 October 2022",749064,E3A Total All Building Consumption Report,,Oct-22
"Tuesday, 1 November 2022",720515,E3A Total All Building Consumption Report,,Nov-22
"Thursday, 1 December 2022",543444,E3A Total All Building Consumption Report,,Dec-22
"Sunday, 1 January 2023",685024,E3A Total All Building Consumption Report,,Jan-23
"Wednesday, 1 February 2023",667246,E3A Total All Building Consumption Report,,Feb-23
"Wednesday, 1 March 2023",739825,E3A Total All Building Consumption Report,,Mar-23
"Saturday, 1 April 2023",755771.24,E3A Total All Building Consumption Report,,Apr-23
"Monday, 1 May 2023",810981.16,E3A Total All Building Consumption Report,,May-23
"Thursday, 1 June 2023",772249.4,E3A Total All Building Consumption Report,,Jun-23
"Saturday, 1 July 2023",802019.16,E3A Total All Building Consumption Report,,Jul-23
"Tuesday, 1 August 2023",799343.49,E3A Total All Building Consumption Report,,Aug-23
"Friday, 1 September 2023",745610.97,E3A Total All Building Consumption Report,,Sept-23
"Sunday, 1 October 2023",805415.68,E3A Total All Building Consumption Report,,Oct-23
"Wednesday, 1 November 2023",770211.72,E3A Total All Building Consumption Report,,Nov-23
"Friday, 1 December 2023",661684.96,E3A Total All Building Consumption Report,,Dec-23
"Monday, 1 January 2024",787675.29,E3A Total All Building Consumption Report,,Jan-24
"Thursday, 1 February 2024",788398.24,E3A Total All Building Consumption Report,,Feb-24
"Friday, 1 March 2024",829243.55,E3A Total All Building Consumption Report,,Mar-24
"Monday, 1 April 2024",718144.52,E3A Total All Building Consumption Report,,Apr-24
"Wednesday, 1 May 2024",732490.74,E3A Total All Building Consumption Report,,May-24
"Saturday, 1 June 2024",655936.75,E3A Total All Building Consumption Report,,Jun-24
"Monday, 1 July 2024",678297.39,E3A Total All Building Consumption Report,,Jul-24
"Thursday, 1 August 2024",661266.2,E3A Total All Building Consumption Report,,Aug-24
"Sunday, 1 September 2024",631536.43,E3A Total All Building Consumption Report,,Sept-24
"Tuesday, 1 October 2024",657286.66,E3A Total All Building Consumption Report,,Oct-24
"Friday, 1 November 2024",618496.78,E3A Total All Building Consumption Report,,Nov-24
"Sunday, 1 December 2024",311334.4,E3A Total All Building Consumption Report,,Dec-24
"Thursday, 1 April 2021",441870,E6 Total All Building Consumption Report,,Apr-21
"Saturday, 1 May 2021",453020,E6 Total All Building Consumption Report,,May-21
"Tuesday, 1 June 2021",432576,E6 Total All Building Consumption Report,,Jun-21
"Thursday, 1 July 2021",437721,E6 Total All Building Consumption Report,,Jul-21
"Sunday, 1 August 2021",452736,E6 Total All Building Consumption Report,,Aug-21
"Wednesday, 1 September 2021",435520,E6 Total All Building Consumption Report,,Sept-21
"Friday, 1 October 2021",454064,E6 Total All Building Consumption Report,,Oct-21
"Monday, 1 November 2021",431352,E6 Total All Building Consumption Report,,Nov-21
"Wednesday, 1 December 2021",445286,E6 Total All Building Consumption Report,,Dec-21
"Saturday, 1 January 2022",440552,E6 Total All Building Consumption Report,,Jan-22
"Tuesday, 1 February 2022",379775,E6 Total All Building Consumption Report,,Feb-22
"Tuesday, 1 March 2022",452274,E6 Total All Building Consumption Report,,Mar-22
"Friday, 1 April 2022",564863.53,E6 Total All Building Consumption Report,,Apr-22
"Sunday, 1 May 2022",577865.28,E6 Total All Building Consumption Report,,May-22
"Wednesday, 1 June 2022",561835.28,E6 Total All Building Consumption Report,,Jun-22
"Friday, 1 July 2022",559617.28,E6 Total All Building Consumption Report,,Jul-22
"Monday, 1 August 2022",505847.53,E6 Total All Building Consumption Report,,Aug-22
"Thursday, 1 September 2022",554695.53,E6 Total All Building Consumption Report,,Sept-22
"Saturday, 1 October 2022",576523.53,E6 Total All Building Consumption Report,,Oct-22
"Tuesday, 1 November 2022",562065.53,E6 Total All Building Consumption Report,,Nov-22
"Thursday, 1 December 2022",578107.28,E6 Total All Building Consumption Report,,Dec-22
"Sunday, 1 January 2023",576307.53,E6 Total All Building Consumption Report,,Jan-23
"Wednesday, 1 February 2023",541239.53,E6 Total All Building Consumption Report,,Feb-23
"Wednesday, 1 March 2023",572663.53,E6 Total All Building Consumption Report,,Mar-23
"Saturday, 1 April 2023",554354.8,E6 Total All Building Consumption Report,,Apr-23
"Monday, 1 May 2023",592895.06,E6 Total All Building Consumption Report,,May-23
"Thursday, 1 June 2023",562825.34,E6 Total All Building Consumption Report,,Jun-23
"Saturday, 1 July 2023",574625.98,E6 Total All Building Consumption Report,,Jul-23
"Tuesday, 1 August 2023",587264.48,E6 Total All Building Consumption Report,,Aug-23
"Friday, 1 September 2023",574538.3,E6 Total All Building Consumption Report,,Sept-23
"Sunday, 1 October 2023",599169.05,E6 Total All Building Consumption Report,,Oct-23
"Wednesday, 1 November 2023",562432.37,E6 Total All Building Consumption Report,,Nov-23
"Friday, 1 December 2023",593434.76,E6 Total All Building Consumption Report,,Dec-23
"Monday, 1 January 2024",571620.7,E6 Total All Building Consumption Report,,Jan-24
"Thursday, 1 February 2024",533586.28,E6 Total All Building Consumption Report,,Feb-24
"Friday, 1 March 2024",585841.58,E6 Total All Building Consumption Report,,Mar-24
"Monday, 1 April 2024",554429.49,E6 Total All Building Consumption Report,,Apr-24
"Wednesday, 1 May 2024",561800.26,E6 Total All Building Consumption Report,,May-24
"Saturday, 1 June 2024",545125.96,E6 Total All Building Consumption Report,,Jun-24
"Monday, 1 July 2024",569535.02,E6 Total All Building Consumption Report,,Jul-24
"Thursday, 1 August 2024",513372.4,E6 Total All Building Consumption Report,,Aug-24
"Sunday, 1 September 2024",527345.94,E6 Total All Building Consumption Report,,Sept-24
"Tuesday, 1 October 2024",534884.71,E6 Total All Building Consumption Report,,Oct-24
"Friday, 1 November 2024",508433.14,E6 Total All Building Consumption Report,,Nov-24
"Sunday, 1 December 2024",521796.78,E6 Total All Building Consumption Report,,Dec-24
"Thursday, 1 April 2021",526014.8,E8 Total All Building Consumption Report,,Apr-21
"Saturday, 1 May 2021",555768.33,E8 Total All Building Consumption Report,,May-21
"Tuesday, 1 June 2021",528261.23,E8 Total All Building Consumption Report,,Jun-21
"Thursday, 1 July 2021",538718.16,E8 Total All Building Consumption Report,,Jul-21
"Sunday, 1 August 2021",521961.2,E8 Total All Building Consumption Report,,Aug-21
"Wednesday, 1 September 2021",516689.11,E8 Total All Building Consumption Report,,Sept-21
"Friday, 1 October 2021",545699.22,E8 Total All Building Consumption Report,,Oct-21
"Monday, 1 November 2021",517711.13,E8 Total All Building Consumption Report,,Nov-21
"Wednesday, 1 December 2021",534259.49,E8 Total All Building Consumption Report,,Dec-21
"Saturday, 1 January 2022",434248.95,E8 Total All Building Consumption Report,,Jan-22
"Tuesday, 1 February 2022",443359.26,E8 Total All Building Consumption Report,,Feb-22
"Tuesday, 1 March 2022",548670.5,E8 Total All Building Consumption Report,,Mar-22
"Friday, 1 April 2022",488819.28,E8 Total All Building Consumption Report,,Apr-22
"Sunday, 1 May 2022",509500.98,E8 Total All Building Consumption Report,,May-22
"Wednesday, 1 June 2022",499945.84,E8 Total All Building Consumption Report,,Jun-22
"Friday, 1 July 2022",473783.63,E8 Total All Building Consumption Report,,Jul-22
"Monday, 1 August 2022",525790.67,E8 Total All Building Consumption Report,,Aug-22
"Thursday, 1 September 2022",509743.33,E8 Total All Building Consumption Report,,Sept-22
"Saturday, 1 October 2022",532028.68,E8 Total All Building Consumption Report,,Oct-22
"Tuesday, 1 November 2022",514272.53,E8 Total All Building Consumption Report,,Nov-22
"Thursday, 1 December 2022",518114.51,E8 Total All Building Consumption Report,,Dec-22
"Sunday, 1 January 2023",511769.01,E8 Total All Building Consumption Report,,Jan-23
"Wednesday, 1 February 2023",467752.04,E8 Total All Building Consumption Report,,Feb-23
"Wednesday, 1 March 2023",507364.75,E8 Total All Building Consumption Report,,Mar-23
"Saturday, 1 April 2023",512033.32,E8 Total All Building Consumption Report,,Apr-23
"Monday, 1 May 2023",535092.33,E8 Total All Building Consumption Report,,May-23
"Thursday, 1 June 2023",511223.69,E8 Total All Building Consumption Report,,Jun-23
"Saturday, 1 July 2023",514327.61,E8 Total All Building Consumption Report,,Jul-23
"Tuesday, 1 August 2023",513154.15,E8 Total All Building Consumption Report,,Aug-23
"Friday, 1 September 2023",498406.67,E8 Total All Building Consumption Report,,Sept-23
"Sunday, 1 October 2023",525521.39,E8 Total All Building Consumption Report,,Oct-23
"Wednesday, 1 November 2023",479791.8,E8 Total All Building Consumption Report,,Nov-23
"Friday, 1 December 2023",521607.18,E8 Total All Building Consumption Report,,Dec-23
"Monday, 1 January 2024",493415.49,E8 Total All Building Consumption Report,,Jan-24
"Thursday, 1 February 2024",467070.3,E8 Total All Building Consumption Report,,Feb-24
"Friday, 1 March 2024",540501.84,E8 Total All Building Consumption Report,,Mar-24
"Monday, 1 April 2024",543047.49,E8 Total All Building Consumption Report,,Apr-24
"Wednesday, 1 May 2024",539238.35,E8 Total All Building Consumption Report,,May-24
"Saturday, 1 June 2024",518638.9,E8 Total All Building Consumption Report,,Jun-24
"Monday, 1 July 2024",542407.68,E8 Total All Building Consumption Report,,Jul-24
"Thursday, 1 August 2024",556746.67,E8 Total All Building Consumption Report,,Aug-24
"Sunday, 1 September 2024",540254.69,E8 Total All Building Consumption Report,,Sept-24
"Tuesday, 1 October 2024",562157.33,E8 Total All Building Consumption Report,,Oct-24
"Friday, 1 November 2024",539679.52,E8 Total All Building Consumption Report,,Nov-24
"Sunday, 1 December 2024",540435.75,E8 Total All Building Consumption Report,,Dec-24
"Thursday, 1 April 2021",745648.19,MD1 Total All Building Consumption Report,,Apr-21
"Saturday, 1 May 2021",746318.08,MD1 Total All Building Consumption Report,,May-21
"Tuesday, 1 June 2021",731955.22,MD1 Total All Building Consumption Report,,Jun-21
"Thursday, 1 July 2021",755986.05,MD1 Total All Building Consumption Report,,Jul-21
"Sunday, 1 August 2021",765938.07,MD1 Total All Building Consumption Report,,Aug-21
"Wednesday, 1 September 2021",752019.23,MD1 Total All Building Consumption Report,,Sept-21
"Friday, 1 October 2021",781854.24,MD1 Total All Building Consumption Report,,Oct-21
"Monday, 1 November 2021",734847.66,MD1 Total All Building Consumption Report,,Nov-21
"Wednesday, 1 December 2021",742467.73,MD1 Total All Building Consumption Report,,Dec-21
"Saturday, 1 January 2022",751427.11,MD1 Total All Building Consumption Report,,Jan-22
"Tuesday, 1 February 2022",675786.78,MD1 Total All Building Consumption Report,,Feb-22
"Tuesday, 1 March 2022",772218.93,MD1 Total All Building Consumption Report,,Mar-22
"Friday, 1 April 2022",758490.42,MD1 Total All Building Consumption Report,,Apr-22
"Sunday, 1 May 2022",778098.1,MD1 Total All Building Consumption Report,,May-22
"Wednesday, 1 June 2022",712846.11,MD1 Total All Building Consumption Report,,Jun-22
"Friday, 1 July 2022",744763.47,MD1 Total All Building Consumption Report,,Jul-22
"Monday, 1 August 2022",753017.92,MD1 Total All Building Consumption Report,,Aug-22
"Thursday, 1 September 2022",747499.25,MD1 Total All Building Consumption Report,,Sept-22
"Saturday, 1 October 2022",735875.3,MD1 Total All Building Consumption Report,,Oct-22
"Tuesday, 1 November 2022",701086.09,MD1 Total All Building Consumption Report,,Nov-22
"Thursday, 1 December 2022",698551.85,MD1 Total All Building Consumption Report,,Dec-22
"Sunday, 1 January 2023",689452.69,MD1 Total All Building Consumption Report,,Jan-23
"Wednesday, 1 February 2023",622703.75,MD1 Total All Building Consumption Report,,Feb-23
"Wednesday, 1 March 2023",711843.41,MD1 Total All Building Consumption Report,,Mar-23
"Saturday, 1 April 2023",677974.96,MD1 Total All Building Consumption Report,,Apr-23
"Monday, 1 May 2023",719564.51,MD1 Total All Building Consumption Report,,May-23
"Thursday, 1 June 2023",685596.36,MD1 Total All Building Consumption Report,,Jun-23
"Saturday, 1 July 2023",677833.9,MD1 Total All Building Consumption Report,,Jul-23
"Tuesday, 1 August 2023",687037.22,MD1 Total All Building Consumption Report,,Aug-23
"Friday, 1 September 2023",663251.03,MD1 Total All Building Consumption Report,,Sept-23
"Sunday, 1 October 2023",676087.74,MD1 Total All Building Consumption Report,,Oct-23
"Wednesday, 1 November 2023",653192.4,MD1 Total All Building Consumption Report,,Nov-23
"Friday, 1 December 2023",649947.2,MD1 Total All Building Consumption Report,,Dec-23
"Monday, 1 January 2024",670699.69,MD1 Total All Building Consumption Report,,Jan-24
"Thursday, 1 February 2024",600606.95,MD1 Total All Building Consumption Report,,Feb-24
"Friday, 1 March 2024",669837.68,MD1 Total All Building Consumption Report,,Mar-24
"Monday, 1 April 2024",691684.68,MD1 Total All Building Consumption Report,,Apr-24
"Wednesday, 1 May 2024",712882.53,MD1 Total All Building Consumption Report,,May-24
"Saturday, 1 June 2024",688953.77,MD1 Total All Building Consumption Report,,Jun-24
"Monday, 1 July 2024",731323.17,MD1 Total All Building Consumption Report,,Jul-24
"Thursday, 1 August 2024",759377.34,MD1 Total All Building Consumption Report,,Aug-24
"Sunday, 1 September 2024",748986.36,MD1 Total All Building Consumption Report,,Sept-24
"Tuesday, 1 October 2024",696764.15,MD1 Total All Building Consumption Report,,Oct-24
"Friday, 1 November 2024",653785.26,MD1 Total All Building Consumption Report,,Nov-24
"Sunday, 1 December 2024",646672.03,MD1 Total All Building Consumption Report,,Dec-24
"Thursday, 1 April 2021",542889.95,MD2 Total All Building Consumption Report,,Apr-21
"Saturday, 1 May 2021",571503.43,MD2 Total All Building Consumption Report,,May-21
"Tuesday, 1 June 2021",540817.53,MD2 Total All Building Consumption Report,,Jun-21
"Thursday, 1 July 2021",551800.54,MD2 Total All Building Consumption Report,,Jul-21
"Sunday, 1 August 2021",570639.08,MD2 Total All Building Consumption Report,,Aug-21
"Wednesday, 1 September 2021",507283.36,MD2 Total All Building Consumption Report,,Sept-21
"Friday, 1 October 2021",544700.02,MD2 Total All Building Consumption Report,,Oct-21
"Monday, 1 November 2021",506501.4,MD2 Total All Building Consumption Report,,Nov-21
"Wednesday, 1 December 2021",545690.3,MD2 Total All Building Consumption Report,,Dec-21
"Saturday, 1 January 2022",535699.6,MD2 Total All Building Consumption Report,,Jan-22
"Tuesday, 1 February 2022",490425.58,MD2 Total All Building Consumption Report,,Feb-22
"Tuesday, 1 March 2022",549810.6,MD2 Total All Building Consumption Report,,Mar-22
"Friday, 1 April 2022",545820.11,MD2 Total All Building Consumption Report,,Apr-22
"Sunday, 1 May 2022",609099.36,MD2 Total All Building Consumption Report,,May-22
"Wednesday, 1 June 2022",568152.98,MD2 Total All Building Consumption Report,,Jun-22
"Friday, 1 July 2022",580729.48,MD2 Total All Building Consumption Report,,Jul-22
"Monday, 1 August 2022",589264.43,MD2 Total All Building Consumption Report,,Aug-22
"Thursday, 1 September 2022",552397.39,MD2 Total All Building Consumption Report,,Sept-22
"Saturday, 1 October 2022",568568.29,MD2 Total All Building Consumption Report,,Oct-22
"Tuesday, 1 November 2022",570376.3,MD2 Total All Building Consumption Report,,Nov-22
"Thursday, 1 December 2022",584989.75,MD2 Total All Building Consumption Report,,Dec-22
"Sunday, 1 January 2023",563061.75,MD2 Total All Building Consumption Report,,Jan-23
"Wednesday, 1 February 2023",498515.07,MD2 Total All Building Consumption Report,,Feb-23
"Wednesday, 1 March 2023",574792.35,MD2 Total All Building Consumption Report,,Mar-23
"Saturday, 1 April 2023",600181.32,MD2 Total All Building Consumption Report,,Apr-23
"Monday, 1 May 2023",630097.26,MD2 Total All Building Consumption Report,,May-23
"Thursday, 1 June 2023",608998.27,MD2 Total All Building Consumption Report,,Jun-23
"Saturday, 1 July 2023",620910.71,MD2 Total All Building Consumption Report,,Jul-23
"Tuesday, 1 August 2023",600074.79,MD2 Total All Building Consumption Report,,Aug-23
"Friday, 1 September 2023",572578.16,MD2 Total All Building Consumption Report,,Sept-23
"Sunday, 1 October 2023",627739.57,MD2 Total All Building Consumption Report,,Oct-23
"Wednesday, 1 November 2023",570986.24,MD2 Total All Building Consumption Report,,Nov-23
"Friday, 1 December 2023",587024.05,MD2 Total All Building Consumption Report,,Dec-23
"Monday, 1 January 2024",616052.98,MD2 Total All Building Consumption Report,,Jan-24
"Thursday, 1 February 2024",538197.39,MD2 Total All Building Consumption Report,,Feb-24
"Friday, 1 March 2024",567114.59,MD2 Total All Building Consumption Report,,Mar-24
"Monday, 1 April 2024",618234.51,MD2 Total All Building Consumption Report,,Apr-24
"Wednesday, 1 May 2024",656253.28,MD2 Total All Building Consumption Report,,May-24
"Saturday, 1 June 2024",602437.77,MD2 Total All Building Consumption Report,,Jun-24
"Monday, 1 July 2024",635841.69,MD2 Total All Building Consumption Report,,Jul-24
"Thursday, 1 August 2024",617823.55,MD2 Total All Building Consumption Report,,Aug-24
"Sunday, 1 September 2024",600404.97,MD2 Total All Building Consumption Report,,Sept-24
"Tuesday, 1 October 2024",624408.65,MD2 Total All Building Consumption Report,,Oct-24
"Friday, 1 November 2024",592380.97,MD2 Total All Building Consumption Report,,Nov-24
"Sunday, 1 December 2024",604025.72,MD2 Total All Building Consumption Report,,Dec-24
"Thursday, 1 April 2021",353543.96,S1A Total All Building Consumption Report,,Apr-21
"Saturday, 1 May 2021",719926.96,S1A Total All Building Consumption Report,,May-21
"Tuesday, 1 June 2021",693625.93,S1A Total All Building Consumption Report,,Jun-21
"Thursday, 1 July 2021",726320.61,S1A Total All Building Consumption Report,,Jul-21
"Sunday, 1 August 2021",708182.85,S1A Total All Building Consumption Report,,Aug-21
"Wednesday, 1 September 2021",677272.59,S1A Total All Building Consumption Report,,Sept-21
"Friday, 1 October 2021",587758.95,S1A Total All Building Consumption Report,,Oct-21
"Monday, 1 November 2021",552235.56,S1A Total All Building Consumption Report,,Nov-21
"Wednesday, 1 December 2021",482030.55,S1A Total All Building Consumption Report,,Dec-21
"Saturday, 1 January 2022",459146.59,S1A Total All Building Consumption Report,,Jan-22
"Tuesday, 1 February 2022",444714.08,S1A Total All Building Consumption Report,,Feb-22
"Tuesday, 1 March 2022",470312.6,S1A Total All Building Consumption Report,,Mar-22
"Friday, 1 April 2022",447149.4,S1A Total All Building Consumption Report,,Apr-22
"Sunday, 1 May 2022",490994,S1A Total All Building Consumption Report,,May-22
"Wednesday, 1 June 2022",450512.4,S1A Total All Building Consumption Report,,Jun-22
"Friday, 1 July 2022",478199.2,S1A Total All Building Consumption Report,,Jul-22
"Monday, 1 August 2022",495227.2,S1A Total All Building Consumption Report,,Aug-22
"Thursday, 1 September 2022",496099.86,S1A Total All Building Consumption Report,,Sept-22
"Saturday, 1 October 2022",487308.89,S1A Total All Building Consumption Report,,Oct-22
"Tuesday, 1 November 2022",491704.68,S1A Total All Building Consumption Report,,Nov-22
"Thursday, 1 December 2022",489506.48,S1A Total All Building Consumption Report,,Dec-22
"Sunday, 1 January 2023",490605.5,S1A Total All Building Consumption Report,,Jan-23
"Wednesday, 1 February 2023",490056.07,S1A Total All Building Consumption Report,,Feb-23
"Wednesday, 1 March 2023",490330.78,S1A Total All Building Consumption Report,,Mar-23
"Saturday, 1 April 2023",490193.42,S1A Total All Building Consumption Report,,Apr-23
"Monday, 1 May 2023",393652.71,S1A Total All Building Consumption Report,,May-23
"Thursday, 1 June 2023",484215.25,S1A Total All Building Consumption Report,,Jun-23
"Saturday, 1 July 2023",589180.92,S1A Total All Building Consumption Report,,Jul-23
"Tuesday, 1 August 2023",614788.74,S1A Total All Building Consumption Report,,Aug-23
"Friday, 1 September 2023",592234.66,S1A Total All Building Consumption Report,,Sept-23
"Sunday, 1 October 2023",649587.16,S1A Total All Building Consumption Report,,Oct-23
"Wednesday, 1 November 2023",573464.43,S1A Total All Building Consumption Report,,Nov-23
"Friday, 1 December 2023",558713.79,S1A Total All Building Consumption Report,,Dec-23
"Monday, 1 January 2024",569900.49,S1A Total All Building Consumption Report,,Jan-24
"Thursday, 1 February 2024",538835.04,S1A Total All Building Consumption Report,,Feb-24
"Friday, 1 March 2024",589049.7,S1A Total All Building Consumption Report,,Mar-24
"Monday, 1 April 2024",606991.14,S1A Total All Building Consumption Report,,Apr-24
"Wednesday, 1 May 2024",631542.02,S1A Total All Building Consumption Report,,May-24
"Saturday, 1 June 2024",592693.93,S1A Total All Building Consumption Report,,Jun-24
"Monday, 1 July 2024",624090.94,S1A Total All Building Consumption Report,,Jul-24
"Thursday, 1 August 2024",612458.85,S1A Total All Building Consumption Report,,Aug-24
"Sunday, 1 September 2024",594285.15,S1A Total All Building Consumption Report,,Sept-24
"Tuesday, 1 October 2024",591291.76,S1A Total All Building Consumption Report,,Oct-24
"Friday, 1 November 2024",541157.65,S1A Total All Building Consumption Report,,Nov-24
"Sunday, 1 December 2024",528265.52,S1A Total All Building Consumption Report,,Dec-24
"Thursday, 1 April 2021",1387207.02,S9 Total All Building Consumption Report,,Apr-21
"Saturday, 1 May 2021",1387207.02,S9 Total All Building Consumption Report,,May-21
"Tuesday, 1 June 2021",1387207.02,S9 Total All Building Consumption Report,,Jun-21
"Thursday, 1 July 2021",1387207.02,S9 Total All Building Consumption Report,,Jul-21
"Sunday, 1 August 2021",1387207.02,S9 Total All Building Consumption Report,,Aug-21
"Wednesday, 1 September 2021",1387207.02,S9 Total All Building Consumption Report,,Sept-21
"Friday, 1 October 2021",1387207.02,S9 Total All Building Consumption Report,,Oct-21
"Monday, 1 November 2021",1387207.02,S9 Total All Building Consumption Report,,Nov-21
"Wednesday, 1 December 2021",1387207.02,S9 Total All Building Consumption Report,,Dec-21
"Saturday, 1 January 2022",1417320.037,S9 Total All Building Consumption Report,,Jan-22
"Tuesday, 1 February 2022",1352648.214,S9 Total All Building Consumption Report,,Feb-22
"Tuesday, 1 March 2022",1391652.811,S9 Total All Building Consumption Report,,Mar-22
"Friday, 1 April 2022",1411120.102,S9 Total All Building Consumption Report,,Apr-22
"Sunday, 1 May 2022",1411120.102,S9 Total All Building Consumption Report,,May-22
"Wednesday, 1 June 2022",1411120.102,S9 Total All Building Consumption Report,,Jun-22
"Friday, 1 July 2022",1411120.102,S9 Total All Building Consumption Report,,Jul-22
"Monday, 1 August 2022",1411120.102,S9 Total All Building Consumption Report,,Aug-22
"Thursday, 1 September 2022",1411120.102,S9 Total All Building Consumption Report,,Sept-22
"Saturday, 1 October 2022",1411120.102,S9 Total All Building Consumption Report,,Oct-22
"Tuesday, 1 November 2022",1411120.102,S9 Total All Building Consumption Report,,Nov-22
"Thursday, 1 December 2022",1411120.102,S9 Total All Building Consumption Report,,Dec-22
"Sunday, 1 January 2023",1433581.598,S9 Total All Building Consumption Report,,Jan-23
"Wednesday, 1 February 2023",1367456.402,S9 Total All Building Consumption Report,,Feb-23
"Wednesday, 1 March 2023",1407407.972,S9 Total All Building Consumption Report,,Mar-23
"Saturday, 1 April 2023",1169600.74,S9 Total All Building Consumption Report,,Apr-23
"Monday, 1 May 2023",1705873.656,S9 Total All Building Consumption Report,,May-23
"Thursday, 1 June 2023",1470650.454,S9 Total All Building Consumption Report,,Jun-23
"Saturday, 1 July 2023",1559242.468,S9 Total All Building Consumption Report,,Jul-23
"Tuesday, 1 August 2023",1489964.26,S9 Total All Building Consumption Report,,Aug-23
"Friday, 1 September 2023",1443410.192,S9 Total All Building Consumption Report,,Sept-23
"Sunday, 1 October 2023",1626019.892,S9 Total All Building Consumption Report,,Oct-23
"Wednesday, 1 November 2023",1700106.336,S9 Total All Building Consumption Report,,Nov-23
"Friday, 1 December 2023",1529742.06,S9 Total All Building Consumption Report,,Dec-23
"Monday, 1 January 2024",1459348.684,S9 Total All Building Consumption Report,,Jan-24
"Thursday, 1 February 2024",1454243.444,S9 Total All Building Consumption Report,,Feb-24
"Friday, 1 March 2024",1502276.021,S9 Total All Building Consumption Report,,Mar-24
"Monday, 1 April 2024",1719648.32,S9 Total All Building Consumption Report,,Apr-24
"Wednesday, 1 May 2024",1940907.584,S9 Total All Building Consumption Report,,May-24
"Saturday, 1 June 2024",1756979.816,S9 Total All Building Consumption Report,,Jun-24
"Monday, 1 July 2024",1718914.166,S9 Total All Building Consumption Report,,Jul-24
"Thursday, 1 August 2024",1530594.977,S9 Total All Building Consumption Report,,Aug-24
"Sunday, 1 September 2024",1528366.458,S9 Total All Building Consumption Report,,Sept-24
"Tuesday, 1 October 2024",1664616.201,S9 Total All Building Consumption Report,,Oct-24
"Friday, 1 November 2024",1717117.111,S9 Total All Building Consumption Report,,Nov-24
"Sunday, 1 December 2024",1554183.821,S9 Total All Building Consumption Report,,Dec-24
"Thursday, 1 April 2021",957877.32,T-Lab Total All Building Consumption Report,,Apr-21
"Saturday, 1 May 2021",994871.25,T-Lab Total All Building Consumption Report,,May-21
"Tuesday, 1 June 2021",966098.92,T-Lab Total All Building Consumption Report,,Jun-21
"Thursday, 1 July 2021",982637.25,T-Lab Total All Building Consumption Report,,Jul-21
"Sunday, 1 August 2021",973011.76,T-Lab Total All Building Consumption Report,,Aug-21
"Wednesday, 1 September 2021",936095.59,T-Lab Total All Building Consumption Report,,Sept-21
"Friday, 1 October 2021",987270.14,T-Lab Total All Building Consumption Report,,Oct-21
"Monday, 1 November 2021",941183.69,T-Lab Total All Building Consumption Report,,Nov-21
"Wednesday, 1 December 2021",963078.68,T-Lab Total All Building Consumption Report,,Dec-21
"Saturday, 1 January 2022",917901.64,T-Lab Total All Building Consumption Report,,Jan-22
"Tuesday, 1 February 2022",919126.71,T-Lab Total All Building Consumption Report,,Feb-22
"Tuesday, 1 March 2022",920351.78,T-Lab Total All Building Consumption Report,,Mar-22
"Friday, 1 April 2022",930127.47,T-Lab Total All Building Consumption Report,,Apr-22
"Sunday, 1 May 2022",970035.46,T-Lab Total All Building Consumption Report,,May-22
"Wednesday, 1 June 2022",895522.46,T-Lab Total All Building Consumption Report,,Jun-22
"Friday, 1 July 2022",944989.54,T-Lab Total All Building Consumption Report,,Jul-22
"Monday, 1 August 2022",940013.06,T-Lab Total All Building Consumption Report,,Aug-22
"Thursday, 1 September 2022",930585.53,T-Lab Total All Building Consumption Report,,Sept-22
"Saturday, 1 October 2022",931189.73,T-Lab Total All Building Consumption Report,,Oct-22
"Tuesday, 1 November 2022",914066.09,T-Lab Total All Building Consumption Report,,Nov-22
"Thursday, 1 December 2022",922850.55,T-Lab Total All Building Consumption Report,,Dec-22
"Sunday, 1 January 2023",918972.69,T-Lab Total All Building Consumption Report,,Jan-23
"Wednesday, 1 February 2023",834668.71,T-Lab Total All Building Consumption Report,,Feb-23
"Wednesday, 1 March 2023",936215.57,T-Lab Total All Building Consumption Report,,Mar-23
"Saturday, 1 April 2023",899963.46,T-Lab Total All Building Consumption Report,,Apr-23
"Monday, 1 May 2023",946478.58,T-Lab Total All Building Consumption Report,,May-23
"Thursday, 1 June 2023",910676.22,T-Lab Total All Building Consumption Report,,Jun-23
"Saturday, 1 July 2023",934792.93,T-Lab Total All Building Consumption Report,,Jul-23
"Tuesday, 1 August 2023",935809.18,T-Lab Total All Building Consumption Report,,Aug-23
"Friday, 1 September 2023",909443.78,T-Lab Total All Building Consumption Report,,Sept-23
"Sunday, 1 October 2023",953899.74,T-Lab Total All Building Consumption Report,,Oct-23
"Wednesday, 1 November 2023",926552.18,T-Lab Total All Building Consumption Report,,Nov-23
"Friday, 1 December 2023",956222.3,T-Lab Total All Building Consumption Report,,Dec-23
"Monday, 1 January 2024",947869.47,T-Lab Total All Building Consumption Report,,Jan-24
"Thursday, 1 February 2024",843675.38,T-Lab Total All Building Consumption Report,,Feb-24
"Friday, 1 March 2024",908392.86,T-Lab Total All Building Consumption Report,,Mar-24
"Monday, 1 April 2024",895840.17,T-Lab Total All Building Consumption Report,,Apr-24
"Wednesday, 1 May 2024",937812.87,T-Lab Total All Building Consumption Report,,May-24
"Saturday, 1 June 2024",920277.86,T-Lab Total All Building Consumption Report,,Jun-24
"Monday, 1 July 2024",947323.78,T-Lab Total All Building Consumption Report,,Jul-24
"Thursday, 1 August 2024",945520.06,T-Lab Total All Building Consumption Report,,Aug-24
"Sunday, 1 September 2024",918985.95,T-Lab Total All Building Consumption Report,,Sept-24
"Tuesday, 1 October 2024",955107.94,T-Lab Total All Building Consumption Report,,Oct-24
"Friday, 1 November 2024",895352.34,T-Lab Total All Building Consumption Report,,Nov-24
"Sunday, 1 December 2024",943873.91,T-Lab Total All Building Consumption Report,,Dec-24
